{"branches": 97.8021978021978, "coverage": 99.40044966275293}