{"branches": 97.8021978021978, "coverage": 99.39924906132666}