{"branches": 97.73584905660377, "coverage": 99.36288823997876}